Rut_EMPRESA,Empresa,Ejecutiva
77653071-9,4Vial SPA,Carolina
76461213-2,Adolfo Del Carmen Gonzalez Meza Transporte De Carga E.i.r.l.,Carolina
16181677-9,Aldo Antonio Bustamante Ortega,Carolina
77243323-9,"Comercio, Servicios Y Transportes Mozó Spa",Carolina
12671737-7,Cristian Mauricio Jimenez Reyes,Carolina
76260962-2,Hidroamerica Spa,Carolina
76901231-1,inversiones  Allende Limitada,Carolina
78101236-K,LogÍstica Siete Robles Spa,Carolina
77656589-K,Logistica Y Transportes Spa,Carolina
77425833-7,Pape Transportes Spa,Carolina
78040304-7,R PeÑa Spa,Carolina
76685344-7,Sociedad De Transportes Baguales Spa,Carolina
77390218-6,Sociedad de Transportes Jole SPA,Carolina
76447559-3,Tello Y Tello Transportes Spa,Carolina
78101306-4,Tmp Transportes Spa,Carolina
76878075-7,Translainer SPA,Carolina
76848886-K,Transporte Brenet SPA,Carolina
78350942-3,Transporte Brimarc Spa,Carolina
77441798-2,TRANSPORTE CARGA POR CARRETERA DG SPA,Carolina
76819041-0,Transporte Daniela Fernandez Buosi EIRL,Carolina
77143848-2,Transporte De Carga Johanna Del Pilar Alvarez Caneo E.i.r.l.,Carolina
76902431-k,Transporte De Carga Por Carretera Rudy David Mora Morales Eirl,Carolina
77709716-4,Transporte Mapirito Spa,Carolina
77827992-4,Transporte Y  Comercializadora G Y R Spa,Carolina
78156059-6,Transporte Yanina Ysabel Garcia Mora De Nakasone E.i.r.l.,Carolina
77941272-5,TRANSPORTES ALFER SPA,Carolina
77624057-5,Transportes Angelo Nicolas Carrasco Sanhueza EIRL,Carolina
77420673-6,Transportes Baeza SPA,Carolina
78151772-0,Transportes Belen Spa,Carolina
78032375-2,Transportes Bosmann Spa,Carolina
78350787-0,Transportes Br Spa,Carolina
77732652-K,Transportes Bricebor SPA,Carolina
77647991-8,Transportes Bryan Dinamarca Castillo E.i.r.l.,Carolina
77625968-3,Transportes Cale SPA,Carolina
77664223-1,Transportes Cardenas  Limitada,Carolina
77536347-9,Transportes Chocobar Spa,Carolina
77724297-0,TRANSPORTES CORDINI SPA,Carolina
77225235-8,TRANSPORTES CRUC SPA,Carolina
77943651-9,Transportes Cs Spa,Carolina
76518447-9,Transportes De Carga Jocelyn Carolina Silva Rojas Eirl,Carolina
78029819-7,Transportes Doble Jj Spa,Carolina
77401369-5,Transportes Domingo Alberto Cerda Lagos E.i.r.l.,Carolina
77490988-5,Transportes Doña Luciana SPA,Carolina
77822803-3,TRANSPORTES FELIPE ANDRÉS SARRIA JIMÉNEZ E.I.R.L.,Carolina
77624569-0,TRANSPORTES IVAN ALFONSO DIAZ RIVAS EIRL,Carolina
77941312-8,TRANSPORTES J&F SPA,Carolina
78465031-6,Transportes Jk Spa,Carolina
78244173-6,Transportes Jme Spa,Carolina
78165268-7,Transportes Jq Spa,Carolina
77503624-9,Transportes Jrm E Hijos Limitada,Carolina
78150214-6,Transportes Jsp Spa,Carolina
78351383-8,Transportes L.y. R Spa,Carolina
77889348-7,Transportes Mad Spa,Carolina
78178719-1,Transportes Magnate Spa,Carolina
78165845-6,Transportes Matus Salen Spa,Carolina
78113086-9,Transportes Maxsu Limitada,Carolina
77531127-4,TRANSPORTES MICHELL ALEXANDER BRAVO ARAYA E.I.R.L,Carolina
77896328-0,Transportes Ms Spa,Carolina
76891488-5,Transportes Myz Spa,Carolina
78310280-3,Transportes Olmo Vega Spa,Carolina
77416162-7,Transportes Por Carretera Jl Spa,Carolina
78232853-0,Transportes Punolaf Lopez Spa,Carolina
78305416-7,Transportes Rayen Spa,Carolina
77287076-0,Transportes Rene Ernesto Quiroz Rosales E.i.r.l.,Carolina
78087308-6,Transportes Roberto Estrada E.i.r.l,Carolina
77016329-3,Transportes Ruben Hernan Silva Vasquez E.i.r.l,Carolina
77893331-4,TRANSPORTES SERGIO SIMONCELLI E.I.R.L,Carolina
77325414-1,Transportes Suyai Spa,Carolina
77036031-5,Transportes Terreste DoÑa Lucia Spa,Carolina
76970026-9,TRANSPORTES TRANS-LYON SPA,Carolina
78259175-4,Transportes Verpo Spa,Carolina
77926368-1,TRANSPORTES WEREK SPA,Carolina
77920451-0,TRANSPORTES Y LOGISTICA SERPA SPA,Carolina
78099193-3,Transportes Yuyo Spa,Carolina
77806154-6,ZF TRANSPORTES SPA,Carolina
78032949-1,CLASSIC TRUCK TRANSPORT SPA,Javiera
76944705-9,Empresa De Transporte Cristian Andres Perez Luco Eirl,Javiera
7321424-6,Fernando del Carmen Araya Araya,Javiera
77058007-2,Jose Antonio Puebla  Quezada  Spa,Javiera
77492287-3,Lar Spa,Javiera
77583116-2,Servicios De Transportes Juan Esteba Loaiza Rodriguez E.i.r.l,Javiera
77007552-1,Sociedad De Transportes Km Limitada,Javiera
77435776-9,Transporte De Carga Jose Rodrigo Burgos MuÑoz E.i.r.l.,Javiera
76303728-2,Transporte De Carga Por Carretera Juan Carlos Araya Rodriguez Eirl,Javiera
77856341-K,Transporte De Carga Raul Erasmo Chandia  ZuÑiga E.i.r.l.,Javiera
78129079-3,Transporte De Carga Venegas Y Otro Limitada,Javiera
77502623-5,TRANSPORTE FRANCISCO OYANADEL RAMOS SPA,Javiera
78001651-5,TRANSPORTE J Y D VERDEJO SPA,Javiera
78099333-2,Transporte Js Spa,Javiera
78208706-1,Transporte Roberto Lopez H. E.i.r.l.,Javiera
77974457-4,Transportes Arlette Spa,Javiera
78310166-1,Transportes Beeweis Spa,Javiera
77890332-6,Transportes Carlos Castillo MiÑano E.i.r.l.,Javiera
76826483-K,Transportes Carlos Rene Cornejo Molina E.i.r.l.,Javiera
78132030-7,Transportes Claudio Painequeo E.i.r.l.,Javiera
77373865-3,Transportes Claudio Vilogron Paredes E.i.r.l.,Javiera
77656577-6,Transportes Cristina Aguirre Spa,Javiera
77489241-9,Transportes Cruz Spa,Javiera
77569357-6,Transportes De Carga  Cya  Spa,Javiera
76987117-9,Transportes De Carga Magaly Rocio AÑorga Huerta E.i.r.l.,Javiera
76977185-9,Transportes Eduardo Alarcon Empresa Individual De Responsabilidad Li,Javiera
77377507-9,Transportes Eric Darat E.i.r.l.,Javiera
77401233-8,Transportes Felipe Andres Rex Villalobos E.i.r.l.,Javiera
77032978-7,TRANSPORTES FLOR VALLADARES SPA,Javiera
78227627-1,Transportes G&r Spa,Javiera
76904819-7,Transportes Gonzalo Eduardo Araya Aguilar Eirl,Javiera
77413501-4,Transportes Hormazabal Spa,Javiera
78179126-1,Transportes Isacon Spa,Javiera
77499811-K,Transportes Jahdiel Spa,Javiera
77495891-6,TRANSPORTES JHON EDWARD CHAVARRIA MUÑOZ E.I.R.L,Javiera
78283626-9,Transportes Jkarimv Spa,Javiera
77377829-9,TRANSPORTES JOSE MIGUEL ALARCON SpA,Javiera
78057959-5,Transportes Jota Castillo Spa,Javiera
77992492-0,TRANSPORTES JUAN AGUILAR VALENZUELA EIRL,Javiera
76903711-K,Transportes Jyr Spa,Javiera
77980846-7,TRANSPORTES LEJAN SPA,Javiera
76507104-6,TRANSPORTES LOS ALAMOS LIMITADA,Javiera
77113814-4,Transportes Luis Eduardo Cruz Perez EIRL,Javiera
78412805-9,Transportes Luval Spa,Javiera
78301223-5,Transportes Lvs Spa,Javiera
77389829-4,Transportes Manuel  Perez Vilches E.i.r.l.,Javiera
77998655-1,TRANSPORTES MIGUEL JESUS URIBE COCA E.I.R.L,Javiera
78100599-1,Transportes Milady Spa,Javiera
78125401-0,Transportes Miranda Y Bravo Limitada,Javiera
78003531-5,Transportes Morales Castillo Spa,Javiera
77417801-5,Transportes Naranjo´s Spa,Javiera
78157982-3,Transportes Navarro Spa,Javiera
78295014-2,Transportes Nino Spa,Javiera
77986483-9,TRANSPORTES OPTIMUM SPA,Javiera
76843705-K,Transportes Pablo Cesar Soto Cruz E.i.r.l.,Javiera
78000781-8,TRANSPORTES PABLO PEREZ SPA,Javiera
77993482-9,TRANSPORTES PAISOL SPA,Javiera
77425212-6,Transportes Patricio Romo Moreno E.i.r.l.,Javiera
77852474-0,TRANSPORTES PEDRO VILLAGRAN E.I.R.L.,Javiera
78242685-0,Transportes Rc Spa,Javiera
77692211-0,Transportes Renee Bastias P E Hijos Spa,Javiera
77509381-1,Transportes Reyes Quintero SPA,Javiera
77843013-4,TRANSPORTES RICHARD AGUILERA CONTRERAS E.R.I.L,Javiera
77119982-8,Transportes Rodrigo Esteban Rojas Araya EIRL,Javiera
78302429-2,Transportes San Lorenzo Spa,Javiera
77926531-5,Transportes Santi Y Emilia Spa,Javiera
77640206-0,Transportes Sin Fronteras SPA,Javiera
77982752-6,Transportes Villegas Y Villegas Spa,Javiera
77848908-2,TRANSPORTES WALDO SALDAÑO E.I.R.L.,Javiera
78115034-7,Transportes Y Servicios Jenavama Spa,Javiera
78293071-0,Transportes Zura Spa,Javiera
78207782-1,Transportes   M&f Spa,Javiera
76937652-6,Trasportes Claudio Ortega Spa,Javiera
77848888-4,Celin Spa,Olga
77083269-1,Empresa De Transportes Luis Anibal Vergara Cadiz E.i.r.l.,Olga
77150766-2,Empresa De Transportes Nico Abarca Spa,Olga
78174616-9,Jjb Transportes Spa,Olga
78455399-K,Js Logistica Y Transportes Spa,Olga
7092038-7,Mario Fernando Urbina San Juan,Olga
77929313-0,NAVARRETE SANCHEZ SPA,Olga
77548896-4,SERVICIO DE TRANSPORTE B Y B SPA,Olga
77115061-6,SERVICIOS GENERALES Y COMERCIALES KEVIN SPA,Olga
76285729-4,Sociedad De Transportes Quintanilla Ltda.,Olga
76491308-6,Sociedad De Transportes Y Servicios Moreno Y Lopez Limitada,Olga
77085832-1,Transporte De Carga Por Carretera Hernan Osvaldo Gutierrez MuÑoz E.i.r,Olga
78099101-1,Transporte Diego Galdame Spa,Olga
77941769-7,Transporte H&p Spa,Olga
77496396-0,Transporte Nelson Rodomir Sepulveda E.i.r.l.,Olga
77863057-5,TRANSPORTES DANIEL ALEJANDRO SEPULVEDA NEGRON E.I.R.L,Olga
78365117-3,Transportes Almendra Y Roco Spa,Olga
76390125-4,Transportes Andres Lisandro Ramirez Tapia Eirl,Olga
78043729-4,Transportes Arma Spa,Olga
77560099-3,Transportes Arnoldo Carrasco Spa,Olga
78248251-3,Transportes Balmoce Spa,Olga
78303894-3,Transportes Chachy Spa,Olga
78180641-2,Transportes Dancris Spa,Olga
77927983-9,Transportes De Carga   Marcela Patricia Camacho Camacho E.i.r.l,Olga
78364854-7,Transportes Don Augusto Spa,Olga
77443906-4,Transportes Donatelo Spa,Olga
77808136-9,Transportes Emimaxi Spa,Olga
77852371-K,Transportes Escalona Spa,Olga
77375352-0,Transportes Fernando Darat Candia E.i.r.l.,Olga
78467983-7,Transportes Fierro Santa Cruz Spa,Olga
77919212-1,Transportes Franco Spa,Olga
78273793-7,Transportes Gianlucca Vitto Limitada,Olga
77547318-5,Transportes Ignacio Burgos E.i.r.l.,Olga
77349385-5,Transportes Inma Spa,Olga
76304483-1,Transportes Jose Luis Ubilla Mendoza Eirl,Olga
76842089-0,Transportes Jose Rodolfo Vasquez Balboa Empresa Individual De Responsa,Olga
76808332-0,Transportes Juan Manuel Sarralde Aravena Empresa Individual De Respons,Olga
78295206-4,Transportes Lara Spa,Olga
77913183-1,TRANSPORTES LUIS IGNACIO CABRERA VERA E.I.R.L.,Olga
78255926-5,Transportes Luis Walter Jimenez Sepulveda E.i.r.l.,Olga
77222214-9,Transportes Marco Antonio Gatica Moreno Spa,Olga
78069053-4,Transportes Mauricio Arroyo E.i.r.l.,Olga
77566202-6,Transportes Mc Spa,Olga
77480102-2,Transportes Myt Spa,Olga
77392988-2,Transportes Nibaldo Araya Eirl,Olga
77377291-6,Transportes Nicolas Spa,Olga
77387969-9,Transportes Orlando Del Carmen Mendez Gutierrez Eirl,Olga
78365485-7,Transportes Ql Spa,Olga
77394975-1,Transportes Raul Marcelo Soto Bobadilla E.i.r.l.,Olga
77888835-1,TRANSPORTES SANCHEZ SPA,Olga
77110277-8,Transportes Santa Rafaela Spa,Olga
77357401-4,Transportes Sebastian Exequiel Garcia Martini Empresa Individual De Re,Olga
77273263-5,Transportes Taurus Spa,Olga
77698453-1,Transportes Trans Adroc Spa,Olga
78296208-6,Transportes Venaur  Spa,Olga
77713918-5,Transportes Victoria Spa,Olga
77892137-5,TRANSPORTES WHITE EXPRESS SPA,Olga
77383694-9,Transportes Wilson Antonio Cabello Reyes Eirl,Olga
78115605-1,Transportes Y Logistica Benjamin Avila Bahamonde Eirl,Olga
78019868-0,Ubilla Transportes Spa,Olga
10534518-6,Veronica Yolanda Silva Atenas,Olga
12044190-6,Victor Marcel Jimenez Reyes,Olga
